{
  "performance": {
    "roc_auc": 0.9451298701298702,
    "accuracy": 0.8804347826086957,
    "balanced_accuracy": 0.827922077922078,
    "mcc": 0.6665338218090844,
    "f1": 0.9219858156028369,
    "precision": 0.9154929577464789,
    "recall": 0.9285714285714286
  }
}