{
  "train_roc_auc": 1.0,
  "test_roc_auc": 0.9535714285714286,
  "auc_gap_train_minus_test": 0.046428571428571375
}