{
  "scaler": "StandardScaler",
  "fit_on": "train_group_split only",
  "train_input": "modeling_outputs/train_group_split.csv",
  "test_input": "modeling_outputs/test_group_split.csv",
  "train_scaled_output": "modeling_outputs/train_scaled.csv",
  "test_scaled_output": "modeling_outputs/test_scaled.csv",
  "feature_columns": [
    "(R)-3-Hydroxybutyric acid",
    "acetate",
    "acetoacetate",
    "L-alanine",
    "L-valine",
    "hypoxanthine",
    "citrate",
    "creatinine",
    "L-glutamine",
    "glycine",
    "histidine",
    "L-allo-Isoleucine",
    "isopropanol",
    "L-Lactic acid",
    "L-leucine",
    "lipoproteins",
    "methanol",
    "Dimethyl sulfone",
    "D-phenylalanine",
    "Pyruvic acid",
    "L-tyrosine"
  ],
  "train_means_log1p": {
    "(R)-3-Hydroxybutyric acid": 2.0952455411341933,
    "acetate": 3.8654767371947543,
    "acetoacetate": 4.114198354222271,
    "L-alanine": 7.015150566743853,
    "L-valine": 5.609144080321358,
    "hypoxanthine": 1.6868389016815426,
    "citrate": 4.590297411534379,
    "creatinine": 4.661166184814525,
    "L-glutamine": 6.910348009009005,
    "glycine": 5.85411878453464,
    "histidine": 4.155335589788403,
    "L-allo-Isoleucine": 3.8666210818726396,
    "isopropanol": 3.732460849325397,
    "L-Lactic acid": 7.431718014575008,
    "L-leucine": 5.83171012416833,
    "lipoproteins": 10.209473868312113,
    "methanol": 5.325503525631452,
    "Dimethyl sulfone": 4.149840957560347,
    "D-phenylalanine": 4.918999529825009,
    "Pyruvic acid": 4.458141462500251,
    "L-tyrosine": 4.616622874890696
  },
  "train_scales_std": {
    "(R)-3-Hydroxybutyric acid": 1.7235021243168152,
    "acetate": 0.4022057524970208,
    "acetoacetate": 0.9086723659858419,
    "L-alanine": 0.20303100532616628,
    "L-valine": 0.2537239649566818,
    "hypoxanthine": 0.5172437816133307,
    "citrate": 0.7680497289437657,
    "creatinine": 0.26264803689306193,
    "L-glutamine": 0.23221282444334831,
    "glycine": 0.3081665981901142,
    "histidine": 0.17205603197983538,
    "L-allo-Isoleucine": 0.26859666239224533,
    "isopropanol": 0.9592508209082744,
    "L-Lactic acid": 0.4099614335467171,
    "L-leucine": 0.3922759764759297,
    "lipoproteins": 0.24809648921610297,
    "methanol": 0.5646777205880849,
    "Dimethyl sulfone": 0.7543687543534748,
    "D-phenylalanine": 0.2504687730147265,
    "Pyruvic acid": 0.5594799455829285,
    "L-tyrosine": 0.2769589714831319
  },
  "scale_check": [
    {
      "split": "train",
      "max_abs_feature_mean": 3.857504128456308e-15,
      "min_feature_std": 0.9999999999999998,
      "max_feature_std": 1.0000000000000002
    },
    {
      "split": "test",
      "max_abs_feature_mean": 0.3462890281923525,
      "min_feature_std": 0.634729462277314,
      "max_feature_std": 2.0540238648532476
    }
  ],
  "note": "Train features should have mean approximately 0 and std approximately 1. Test features are transformed using train statistics."
}