{
  "performance": {
    "roc_auc": 0.9259740259740259,
    "accuracy": 0.8695652173913043,
    "balanced_accuracy": 0.8051948051948052,
    "mcc": 0.6312279884865479,
    "f1": 0.9154929577464789,
    "precision": 0.9027777777777778,
    "recall": 0.9285714285714286
  }
}