{
  "best_by_test_auc": {
    "rank_by_test_auc": 1,
    "rank_run_order": 17,
    "n_estimators": 50,
    "max_depth": "None",
    "min_samples_leaf": 1,
    "train_roc_auc": 1.0,
    "test_roc_auc": 0.9535714285714286,
    "auc_gap_train_minus_test": 0.046428571428571375,
    "train_accuracy": 1.0,
    "test_accuracy": 0.9021739130434783,
    "train_balanced_accuracy": 1.0,
    "test_balanced_accuracy": 0.8577922077922078,
    "train_f1": 1.0,
    "test_f1": 0.9361702127659575,
    "test_precision": 0.9295774647887324,
    "test_recall": 0.9428571428571428,
    "overfit_flag_auc_gap_gt_0_10": false
  },
  "best_balanced_choice": {
    "rank_by_test_auc": 1,
    "rank_run_order": 17,
    "n_estimators": 50,
    "max_depth": "None",
    "min_samples_leaf": 1,
    "train_roc_auc": 1.0,
    "test_roc_auc": 0.9535714285714286,
    "auc_gap_train_minus_test": 0.046428571428571375,
    "train_accuracy": 1.0,
    "test_accuracy": 0.9021739130434783,
    "train_balanced_accuracy": 1.0,
    "test_balanced_accuracy": 0.8577922077922078,
    "train_f1": 1.0,
    "test_f1": 0.9361702127659575,
    "test_precision": 0.9295774647887324,
    "test_recall": 0.9428571428571428,
    "overfit_flag_auc_gap_gt_0_10": false
  }
}